label,valence,arousal
0,0.369675,0.13004
1,0.127415,0.083155
2,0.1755,0.1675
3,0.20051,0.17638500000000001
4,0.34673,0.25013
5,0.07227,0.0074950000000000025
6,0.17988,-0.046345000000000004
